ts,cpu_percent,rss_mb,power_w,energy_j_total
1759844974.430897,213.90,398.33,0.000,0.000000
1759844975.4309163,33.00,424.26,6.678,6.678205
1759844976.4310277,49.00,432.38,8.390,15.069358
1759844977.4308968,32.00,454.76,6.159,21.227851
1759844978.4310024,26.00,465.63,6.069,27.297964
1759844979.4310017,25.00,467.63,6.381,33.679174
1759844980.4309826,36.00,466.16,7.296,40.975237
1759844981.430962,15.00,466.41,4.211,45.186468
1759844982.4310305,49.00,467.41,8.272,53.459152
1759844983.4310033,14.00,467.41,5.391,58.850435
1759844984.4309652,27.00,467.66,5.490,64.339740
1759844985.4309378,24.00,467.91,5.425,69.764225
1759844986.431006,43.00,467.91,7.436,77.200669
1759844987.4307818,34.00,467.91,5.743,82.942170
1759844988.430784,35.00,467.91,6.894,89.836623
1759844989.4309602,24.00,467.91,4.770,94.607851
1759844990.4309347,49.00,726.66,9.036,103.643594
1759844991.4310293,26.00,745.41,5.174,108.817714
1759844992.4308987,47.00,769.16,8.423,117.239629
1759844993.430981,12.00,769.16,3.980,121.220148
1759844994.4310184,32.00,769.66,6.895,128.115455
1759844995.43103,11.00,769.66,4.322,132.437893
1759844996.431019,55.00,770.79,8.982,141.419315
1759844997.4308963,36.00,771.16,6.071,147.489429
1759844998.431034,52.00,771.29,8.836,156.326260
1759844999.4310298,9.00,771.29,3.237,159.562946
1759845000.4310277,61.00,771.29,9.603,169.165521
1759845001.430984,22.00,771.41,5.150,174.315166
1759845002.4310052,45.00,771.41,8.398,182.712850
1759845003.4310298,11.00,772.66,3.835,186.548045
1759845004.431028,47.00,775.04,10.741,197.289106
1759845005.4310186,25.00,775.04,6.929,204.218349
1759845006.4309368,31.00,775.04,7.182,211.399361
1759845007.4308956,22.00,775.29,4.947,216.345759
1759845008.4309928,47.00,775.29,8.665,225.011448
1759845009.4309845,23.00,775.29,5.074,230.085836
1759845010.4309576,35.00,775.29,9.951,240.036556
1759845011.4308798,10.00,775.29,3.857,243.892808
1759845012.4308977,45.00,775.41,8.657,252.550195
1759845013.430909,13.00,775.41,3.991,256.541030
1759845014.4307816,37.00,775.41,7.504,264.043818
1759845015.4307833,20.00,775.41,5.481,269.524456
1759845016.4309902,30.00,775.66,7.184,276.710351
1759845017.4310317,19.00,775.66,4.413,281.123242
1759845018.430992,33.00,775.79,6.823,287.946162
1759845019.4310308,14.00,775.79,4.055,292.001633
1759845020.4308937,36.00,775.79,7.876,299.876307
1759845021.4310281,6.00,775.79,2.849,302.726092
1759845022.4308934,41.00,776.54,7.440,310.165343
1759845023.4310305,18.00,776.66,5.162,315.328477
1759845024.4310021,28.00,777.29,6.334,321.662201
1759845025.4309292,9.00,777.29,3.994,325.655782
1759845026.4308922,58.00,777.29,9.765,335.420528
1759845027.43099,16.00,777.41,4.219,339.639999
1759845028.4308937,26.00,777.41,6.452,346.091521
1759845029.4309862,10.00,777.41,3.423,349.514791
1759845030.4309654,21.00,777.41,5.921,355.436101
1759845031.4309478,28.00,777.41,5.571,361.006766
1759845032.4310248,31.00,777.41,6.903,367.910252
1759845033.4310272,5.00,777.41,3.792,371.701807
1759845034.4310281,43.00,780.41,7.898,379.599919
1759845035.430799,15.00,780.41,4.815,384.414116
1759845036.4307847,48.00,778.12,8.544,392.958466
1759845037.4310079,11.00,778.12,3.952,396.911520
1759845038.4310336,18.00,778.12,4.750,401.661813
1759845039.430909,15.00,779.24,4.150,405.811034
1759845040.4309552,43.00,779.37,8.810,414.621741
1759845041.4310305,32.00,779.37,6.057,420.679160
1759845042.4310057,33.00,779.37,6.712,427.390568
1759845043.4310305,28.00,779.37,5.470,432.860464
1759845044.4309964,33.00,779.37,8.757,441.617460
1759845045.4310296,27.00,785.24,6.518,448.135815
1759845046.4310105,30.00,785.24,6.668,454.803462
1759845047.431003,19.00,785.24,4.477,459.279952
1759845048.4309986,26.00,785.24,5.731,465.011199
1759845049.430989,13.00,785.36,3.917,468.928304
1759845050.4309194,36.00,785.36,7.748,476.675598
1759845051.430898,47.00,791.44,8.217,484.892008
1759845052.4309545,30.00,791.44,6.601,491.493370
1759845053.430985,23.00,791.44,5.438,496.931345
1759845054.4309797,40.00,791.44,7.491,504.422781
1759845055.4309099,13.00,791.44,4.623,509.045694
1759845056.431021,39.00,784.12,7.651,516.697774
1759845057.4309103,34.00,784.12,5.937,522.634282
1759845058.43102,43.00,784.24,7.815,530.450607
1759845059.4310322,14.00,784.24,4.080,534.530553
1759845060.431005,39.00,784.24,7.842,542.372268
1759845061.4309924,8.00,784.24,3.543,545.915655
1759845062.4310136,37.00,784.37,7.504,553.420275
1759845063.431017,27.00,784.37,5.340,558.760532
1759845064.4309936,50.00,784.37,8.901,567.661388
1759845065.4309936,7.00,784.37,3.661,571.322756
1759845066.4309547,14.00,784.37,4.646,575.968984
1759845067.4309123,21.00,784.37,4.607,580.576150
1759845068.4309833,37.00,784.37,7.189,587.765219
1759845069.430993,15.00,784.37,4.229,591.994029
1759845070.4307783,62.00,784.49,9.760,601.751816
1759845071.4309678,17.00,784.62,12.205,613.958938
1759845072.4308355,33.00,784.62,9.062,623.019340
1759845073.4310317,17.00,784.62,4.385,627.404766
1759845074.4307487,35.00,784.62,6.831,634.233728
1759845075.4310277,17.00,784.62,5.087,639.322521
1759845076.4308455,56.00,784.87,9.668,648.989000
1759845077.4308991,36.00,784.87,6.198,655.186860
1759845078.430776,48.00,784.87,8.846,664.031503
1759845079.4310281,22.00,784.87,5.252,669.284419
1759845080.430753,55.00,784.99,9.221,678.502840
1759845081.4310079,10.00,785.12,3.730,682.233727
1759845082.4307482,30.00,785.12,6.296,688.528327
1759845083.4309168,19.00,785.12,4.912,693.440851
1759845084.430781,51.00,785.12,8.793,702.233065
1759845085.4307735,27.00,785.12,6.350,708.583452
1759845086.4307525,47.00,785.12,8.585,717.168147
1759845087.4310322,10.00,785.12,3.360,720.529466
1759845088.4307492,32.00,785.12,7.052,727.579070
1759845089.4309778,28.00,785.12,5.850,733.430007
1759845090.4307535,47.00,785.12,8.744,742.172416
1759845091.4309702,66.00,785.12,10.052,752.226468
1759845092.4307783,23.00,785.12,5.590,757.815687
1759845093.4310343,16.00,785.12,4.647,762.463624
1759845094.4307485,14.00,785.12,4.052,766.514639
1759845095.4310336,45.00,785.12,7.974,774.491364
1759845096.4307535,21.00,785.12,5.157,779.646869
1759845097.4310253,24.00,785.12,5.604,785.252262
1759845098.4307864,24.00,785.12,5.666,790.917042
1759845099.4310489,17.00,785.12,4.347,795.265054
1759845100.430771,32.00,785.12,7.377,802.639974
1759845101.4310284,17.00,785.12,5.530,808.171881
1759845102.4307837,18.00,785.24,4.948,813.118340
1759845103.4310327,34.00,785.24,7.586,820.706090
1759845104.4307485,13.00,785.24,3.633,824.337794
1759845105.4310465,35.00,785.24,7.529,831.868720
1759845106.430753,21.00,785.24,5.062,836.928948
1759845107.4310265,24.00,785.24,5.966,842.896951
1759845108.4308007,10.00,785.24,3.298,846.194245
1759845109.430911,26.00,785.24,6.077,852.272049
1759845110.430781,42.00,785.24,7.531,859.801998
1759845111.4309113,23.00,785.24,5.866,865.668682
1759845112.4307537,8.00,785.37,5.942,871.609829
1759845113.430752,49.00,785.37,8.320,879.929754
1759845114.4310308,14.00,785.49,4.154,884.084528
1759845115.431035,54.00,785.49,9.445,893.529451
1759845116.4310193,33.00,785.49,6.046,899.575395
1759845117.4310102,39.00,785.62,13.248,912.822980
1759845118.431031,32.00,785.62,6.333,919.155972
1759845119.4310243,42.00,785.74,8.079,927.235358
1759845120.4309616,5.00,785.74,3.265,930.500425
1759845121.4310308,26.00,785.74,6.267,936.767560
1759845122.4310315,16.00,785.74,4.478,941.245515
1759845123.431031,54.00,785.74,9.058,950.303353
1759845124.4310322,22.00,785.74,4.928,955.231380
1759845125.4310305,41.00,785.74,8.192,963.423009
1759845126.431012,11.00,785.74,4.527,967.950036
1759845127.4309628,42.00,785.74,7.612,975.562077
1759845128.4309628,15.00,785.74,4.429,979.990899
1759845129.4309952,35.00,785.74,7.068,987.059118
1759845130.430807,17.00,785.74,5.321,992.379234
1759845131.4308994,41.00,785.74,8.175,1000.555055
1759845132.4309123,41.00,791.10,8.396,1008.951457
1759845133.4307523,35.00,791.10,7.207,1016.157127
1759845134.4311113,17.00,791.23,4.297,1020.455700
1759845135.431009,29.00,791.84,7.378,1027.832696
1759845136.430963,25.00,788.92,5.486,1033.318766
1759845137.4310012,43.00,788.92,8.188,1041.507038
1759845138.4310305,19.00,788.92,4.962,1046.469428
1759845139.431029,22.00,788.92,5.041,1051.510186
1759845140.4310129,9.00,788.92,4.059,1055.568709
1759845141.4310129,48.00,788.92,8.499,1064.067222
1759845142.4309404,19.00,788.92,4.379,1068.445446
1759845143.4309614,50.00,788.92,8.879,1077.324390
1759845144.4310317,14.00,788.92,4.058,1081.382546
1759845145.4310243,38.00,788.92,8.165,1089.547870
1759845146.4309876,41.00,789.05,8.863,1098.410884
1759845147.4308982,48.00,789.05,8.383,1106.793309
1759845148.431008,24.00,789.17,5.114,1111.907554
1759845149.4310145,24.00,789.17,5.620,1117.528023
1759845150.4310005,14.00,789.30,4.314,1121.841793
1759845151.430929,51.00,789.30,8.882,1130.723545
1759845152.4309099,13.00,789.30,4.033,1134.756006
1759845153.4308999,25.00,789.42,6.638,1141.393562
1759845154.4307802,10.00,789.42,3.668,1145.061582
1759845155.4309282,36.00,789.42,8.048,1153.110390
1759845156.4308326,21.00,789.42,4.902,1158.011623
1759845157.43078,37.00,789.42,7.538,1165.548774
1759845158.4310315,28.00,789.42,5.541,1171.090813
1759845159.4310296,27.00,789.42,5.384,1176.474710
1759845160.4310045,9.00,789.42,4.140,1180.614714
1759845161.431008,25.00,789.42,6.134,1186.748426
1759845162.4310267,18.00,789.42,4.537,1191.285341
1759845163.4310226,37.00,789.42,6.920,1198.205734
1759845164.4310427,24.00,789.42,5.279,1203.484956
1759845165.4310358,38.00,789.42,8.201,1211.686290
1759845166.431001,21.00,789.42,5.681,1217.367367
1759845167.4309282,34.00,789.42,8.021,1225.387366
1759845168.4310322,7.00,789.42,3.152,1228.540129
1759845169.4310124,43.00,789.42,7.791,1236.330819
1759845170.4308999,20.00,789.42,5.444,1241.774287
1759845171.4309356,17.00,789.42,5.202,1246.976605
1759845172.4308999,26.00,789.42,5.320,1252.296354
1759845173.4309094,43.00,789.55,7.746,1260.042733
1759845174.4307575,21.00,789.55,4.567,1264.609189
1759845175.4310904,50.00,789.55,8.986,1273.597752
1759845176.4309916,19.00,789.55,4.652,1278.249291
1759845177.4309933,62.00,789.55,9.767,1288.016661
1759845178.4310372,13.00,789.55,6.346,1294.363141
1759845179.4310296,33.00,789.55,7.065,1301.427881
1759845180.431007,15.00,789.55,4.633,1306.060621
1759845181.4310207,31.00,789.55,8.143,1314.204155
1759845182.431041,11.00,789.55,3.814,1318.018415
1759845183.4310238,32.00,789.55,7.101,1325.119227
1759845184.4310179,14.00,789.55,4.129,1329.247817
1759845185.4310002,31.00,789.55,8.156,1337.403253
1759845186.43095,16.00,789.55,4.378,1341.781355
1759845187.4308999,54.00,789.55,8.910,1350.691183
1759845188.430912,18.00,789.55,4.256,1354.947459
1759845189.4308941,33.00,789.55,7.177,1362.124686
1759845190.430974,25.00,789.55,6.132,1368.256690
1759845191.4310057,32.00,789.80,7.028,1375.284870
1759845192.4308984,14.00,789.80,5.629,1380.913152
1759845193.4308987,20.00,789.80,5.373,1386.286490
1759845194.4309177,30.00,789.80,5.647,1391.933448
1759845195.4309883,54.00,789.80,9.546,1401.479627
1759845196.4309883,18.00,789.80,5.294,1406.773498
1759845197.4307976,48.00,789.80,8.383,1415.155251
1759845198.431,25.00,789.80,5.229,1420.385157
1759845199.4309108,48.00,789.80,8.288,1428.672673
1759845200.4310317,13.00,789.80,4.683,1433.356133
1759845201.4310253,37.00,789.80,7.736,1441.092075
1759845202.430984,23.00,789.80,5.557,1446.648579
1759845203.4308991,37.00,789.80,7.299,1453.947388
1759845204.4310484,19.00,789.80,5.482,1459.429857
1759845205.43103,56.00,789.80,9.245,1468.674646
1759845206.430982,16.00,789.80,4.322,1472.996656
1759845207.430899,48.00,789.80,8.299,1481.294853
1759845208.4310305,26.00,789.80,5.154,1486.449808
1759845209.4310231,38.00,789.80,7.538,1493.988240
1759845210.4307954,17.00,789.80,5.171,1499.158149
1759845211.4309871,24.00,789.80,9.050,1508.209762
1759845212.4309142,12.00,789.80,4.258,1512.467502
1759845213.4309113,56.00,789.80,9.151,1521.618724
1759845214.4308984,8.00,789.80,4.991,1526.609678
1759845215.4307668,28.00,789.80,6.663,1533.271892
1759845216.4309688,12.00,789.80,6.505,1539.777857
1759845217.4308887,37.00,789.80,7.192,1546.969672
1759845218.4310317,14.00,789.80,4.102,1551.072323
1759845219.431023,36.00,789.80,6.827,1557.899637
1759845220.431033,34.00,789.80,6.810,1564.709678
1759845221.4309833,25.00,789.80,6.717,1571.426458
1759845222.4308999,12.00,789.80,4.118,1575.544245
1759845223.4309003,22.00,789.92,5.783,1581.327311
1759845224.4309757,20.00,789.92,4.841,1586.168669
1759845225.4310117,32.00,789.92,6.950,1593.118907
1759845226.4309683,19.00,789.92,5.110,1598.228818
1759845227.4308553,35.00,789.92,7.117,1605.344584
1759845228.431035,32.00,789.92,5.881,1611.227076
1759845229.4310184,39.00,789.92,7.596,1618.822821
1759845230.4310153,12.00,789.92,4.699,1623.521600
1759845231.430986,58.00,789.92,9.333,1632.853913
1759845232.430856,20.00,789.92,4.885,1637.737811
1759845233.4309132,38.00,793.05,7.800,1645.537962
1759845234.4309118,32.00,793.05,5.818,1651.355635
1759845235.4308953,33.00,793.05,7.632,1658.987208
1759845236.43088,11.00,793.05,4.095,1663.081680
1759845237.4308915,36.00,789.18,7.527,1670.609248
1759845238.4310308,12.00,789.18,4.150,1674.759689
1759845239.4309714,23.00,789.18,5.451,1680.210542
1759845240.4309976,36.00,789.18,6.741,1686.951736
1759845241.43078,38.00,789.18,7.315,1694.265377
1759845242.4310312,13.00,789.18,4.234,1698.499985
1759845243.4308088,82.00,789.18,11.428,1709.925310
1759845244.4309907,150.00,798.05,16.346,1726.274084
1759845245.430792,21.00,798.30,6.190,1732.462789
1759845246.4309256,82.00,798.43,10.667,1743.131463
1759845247.4308987,113.00,1417.80,12.429,1755.559836
1759845248.431022,91.00,1422.55,11.002,1766.563654
1759845249.4309967,93.00,1422.55,9.687,1776.250518
1759845250.4310215,0.00,1422.55,2.332,1778.582116
1759845251.4309726,144.00,1422.68,12.294,1790.875725
1759845252.4308934,57.00,1422.80,11.550,1802.424341
1759845253.4309218,98.00,1422.93,10.922,1813.346920
1759845254.4307797,56.00,1422.93,7.464,1820.810097
1759845255.4309685,20.00,1422.93,4.512,1825.322719
1759845256.4309404,140.00,1422.93,11.546,1836.868039
1759845257.4309545,98.00,1422.93,9.911,1846.778963
1759845258.4309564,136.00,1423.05,11.462,1858.240909
1759845259.4307914,0.00,1423.05,1.737,1859.977965
1759845260.430986,97.00,1423.05,10.115,1870.095371
1759845261.4310312,113.00,1426.68,12.249,1882.344485
1759845262.431007,112.00,1423.28,11.252,1893.595921
1759845263.4307494,132.00,1423.28,10.162,1903.754831
1759845264.4310114,12.00,1423.28,3.467,1907.222595
1759845265.431049,110.00,1423.28,10.292,1917.515049
1759845266.4309623,96.00,1423.28,11.551,1929.064824
1759845267.430916,135.00,1423.41,12.138,1941.202122
1759845268.4309628,0.00,1423.41,1.810,1943.012482
1759845269.4310467,125.00,1423.41,10.989,1954.001955
1759845270.4310412,110.00,1423.41,10.555,1964.557104
1759845271.4310267,110.00,1559.41,12.699,1977.255497
1759845272.430889,78.00,1559.78,8.863,1986.117718
1759845273.430871,1.00,1559.78,1.685,1987.803077
1759845274.4309216,134.00,1559.78,11.260,1999.063180
1759845275.4309196,59.00,1559.78,9.254,2008.317551
1759845276.4307764,130.00,1559.78,13.626,2021.941357
1759845277.430786,14.00,1559.78,3.351,2025.292056
1759845278.4310327,117.00,1559.91,11.680,2036.974765
1759845279.4310498,73.00,1559.91,9.758,2046.732553
1759845280.4310305,144.00,1560.03,12.415,2059.146889
1759845281.4310079,117.00,1560.16,11.667,2070.813485
1759845282.4309638,1.00,1560.16,2.116,2072.929080
1759845283.4310496,80.00,1560.28,10.869,2083.798864
1759845284.431033,130.00,1560.28,12.012,2095.811102
1759845285.4310505,62.00,1560.41,9.522,2105.333294
1759845286.4307792,34.00,1663.78,5.456,2110.787870
1759845287.4309335,51.00,1664.16,7.197,2117.985728
1759845288.4310472,89.00,1664.53,10.740,2128.727338
1759845289.431047,81.00,1664.53,12.926,2141.652903
1759845290.4310393,88.00,1664.53,10.871,2152.524030
1759845291.4309812,0.00,1664.53,1.777,2154.301125
1759845292.4310372,57.00,1664.53,8.918,2163.219926
1759845293.4308991,103.00,1664.53,12.018,2175.236741
1759845294.4309192,133.00,1664.53,11.518,2186.755449
1759845295.430769,52.00,1664.53,7.805,2194.558835
1759845296.430986,13.00,1664.53,4.004,2198.563463
1759845297.4308095,72.00,1664.53,11.515,2210.076861
1759845298.4309738,89.00,1664.53,10.296,2220.374565
1759845299.4308915,117.00,1665.41,11.165,2231.538721
1759845300.4310107,0.00,1665.41,2.401,2233.939959
1759845301.4310327,73.00,1665.41,10.283,2244.223319
1759845302.4310477,81.00,1665.41,10.301,2254.524868
1759845303.4310462,57.00,1665.41,8.679,2263.204289
1759845304.4307652,106.00,1665.41,10.175,2273.376199
1759845305.4310331,9.00,1665.41,3.455,2276.832611
1759845306.4308972,96.00,1665.41,11.050,2287.881045
1759845307.4308977,77.00,1665.41,9.140,2297.021036
1759845308.4309542,89.00,1665.41,10.561,2307.582959
1759845309.430997,0.00,1665.41,1.638,2309.220590
1759845310.431028,120.00,1665.41,12.794,2322.015173
1759845311.4310215,108.00,1665.41,11.609,2333.624091
1759845312.4309962,78.00,1665.41,11.563,2345.187172
1759845313.4308217,90.00,1665.53,13.178,2358.362981
1759845314.430995,0.00,1665.53,1.826,2360.188965
1759845315.4309716,123.00,1665.53,11.264,2371.452608
1759845316.4309728,77.00,1665.53,9.687,2381.139900
1759845317.4308732,89.00,1665.66,11.160,2392.298441
1759845318.4307761,9.00,1665.66,3.252,2395.550325
1759845319.4309762,65.00,1680.01,10.052,2405.604132
1759845320.4308345,53.00,1680.01,8.405,2414.008224
1759845321.4307792,65.00,1680.01,9.136,2423.143394
1759845322.4307806,91.00,1678.08,12.049,2435.192313
1759845323.4310284,3.00,1678.45,2.443,2437.635971
1759845324.431035,132.00,1678.45,11.871,2449.507157
1759845325.4310277,99.00,1679.95,12.629,2462.135847
1759845326.43095,97.00,1679.95,11.365,2473.499893
1759845327.4307551,32.00,1674.25,5.562,2479.060914
1759845328.4310374,50.00,1674.25,6.302,2485.364670
1759845329.431031,95.00,1675.50,12.335,2497.699477
1759845330.4309785,117.00,1675.50,11.544,2509.242905
1759845331.431037,51.00,1675.50,8.761,2518.004784
1759845332.4310029,0.00,1675.50,2.859,2520.863724
1759845333.4310143,144.00,1675.63,13.350,2534.213605
1759845334.4310002,141.00,1680.75,11.810,2546.023206
1759845335.4309955,151.00,1680.75,13.422,2559.445230
1759845336.4307773,40.00,1681.00,7.963,2567.406635
1759845337.4308002,15.00,1681.00,3.761,2571.167246
1759845338.4308767,111.00,1681.00,11.330,2582.498149
1759845339.4310284,124.00,1681.00,11.998,2594.497752
1759845340.4308937,103.00,1681.00,11.428,2605.924603
1759845341.4310176,0.00,1681.00,1.982,2607.906776
1759845342.43094,54.00,1681.00,8.861,2616.766677
1759845343.4310105,134.00,1681.00,12.777,2629.544477
1759845344.4310296,156.00,1681.00,13.308,2642.852426
1759845345.4307532,114.00,1681.00,10.840,2653.689251
1759845346.4310296,12.00,1681.00,3.326,2657.016025
1759845347.4310305,62.00,1681.00,8.494,2665.509900
1759845348.4310172,141.00,1681.00,11.998,2677.507611
1759845349.4310312,98.00,1681.00,11.191,2688.698988
1759845350.4307632,1.00,1681.00,2.527,2691.225166
1759845351.430949,81.00,1681.00,9.509,2700.736311
1759845352.431016,133.00,1681.00,11.477,2712.213698
1759845353.4310198,70.00,1681.00,9.742,2721.955922
1759845354.4308944,61.00,1681.00,9.398,2731.353115
1759845355.4310026,0.00,1681.00,2.284,2733.637472
1759845356.4309864,34.00,1681.00,7.456,2741.093385
1759845357.4309664,116.00,1681.00,11.482,2752.574862
1759845358.430931,90.00,1681.00,11.059,2763.633306
1759845359.430762,20.00,1681.00,3.841,2767.473567
1759845360.431041,89.00,1681.00,11.245,2778.721646
1759845361.430959,40.00,1681.00,8.430,2787.150640
1759845362.4310312,87.00,1681.00,10.516,2797.667398
1759845363.430985,102.00,1681.00,10.637,2808.303907
1759845364.4310327,0.00,1681.00,1.895,2810.198799
1759845365.4307761,19.00,1681.00,9.180,2819.376876
1759845366.430784,20.00,1681.00,6.800,2826.176969
1759845367.4307761,24.00,1681.00,5.975,2832.151746
1759845368.4310083,21.00,1681.00,5.299,2837.451720
1759845369.4307468,20.00,1681.00,5.224,2842.673997
1759845370.4309144,49.00,1681.00,8.867,2851.542077
1759845371.4307466,26.00,1681.00,5.835,2857.375680
1759845372.4310186,18.00,1681.00,7.557,2864.935231
1759845373.430764,16.00,1681.00,4.597,2869.531106
1759845374.4309874,41.00,1681.00,8.094,2877.627276
1759845375.430746,22.00,1681.00,5.609,2883.235416
1759845376.430997,30.00,1681.00,6.914,2890.151292
1759845377.4307806,16.00,1681.00,4.413,2894.562902
1759845378.4309535,45.00,1681.00,8.379,2902.943557
1759845379.4309473,12.00,1681.00,3.844,2906.787907
1759845380.4310293,56.00,1681.00,9.995,2916.783853
1759845381.4310293,11.00,1681.00,4.621,2921.404874
1759845382.4310455,26.00,1681.00,6.297,2927.702038
1759845383.4309247,16.00,1681.00,4.624,2932.325318
1759845384.4307446,40.00,1681.00,8.103,2940.426859
1759845385.4310005,13.00,1681.00,5.233,2945.660794
1759845386.431033,32.00,1681.00,7.535,2953.196175
1759845387.4309866,16.00,1681.00,3.962,2957.158323
1759845388.43093,34.00,1681.00,7.236,2964.393961
1759845389.431027,29.00,1681.00,6.677,2971.071129
1759845390.4310305,20.00,1681.00,5.892,2976.963265
1759845391.4310105,26.00,1681.00,5.687,2982.650506
1759845392.431019,30.00,1681.00,6.916,2989.566809
1759845393.4310164,26.00,1681.00,5.413,2994.979698
1759845394.4310186,24.00,1681.00,5.919,3000.898689
1759845395.4310005,15.00,1681.00,5.007,3005.905757
1759845396.4309993,23.00,1681.00,6.169,3012.074503
1759845397.430991,8.00,1681.00,3.245,3015.319429
1759845398.4309733,33.00,1681.00,6.789,3022.108047
1759845399.4307554,22.00,1681.00,4.965,3027.072084
1759845400.4309902,31.00,1681.00,7.658,3034.731428
1759845401.4309113,21.00,1681.00,4.946,3039.677338
1759845402.4309726,37.00,1681.00,8.173,3047.850535
1759845403.4310198,15.00,1681.00,4.266,3052.116820
1759845404.430921,23.00,1681.00,6.411,3058.527387
1759845405.4310079,13.00,1681.00,4.469,3062.996553
1759845406.4310308,53.00,1681.00,8.766,3071.762461
1759845407.4309118,3.00,1681.00,2.514,3074.276309
1759845408.431004,19.00,1681.00,5.410,3079.686940
1759845409.4310324,9.00,1681.00,3.355,3083.041851
1759845410.4310107,52.00,1681.00,9.506,3092.548052
1759845411.4310215,15.00,1681.00,4.183,3096.730658
1759845412.4308283,38.00,1681.00,7.289,3104.018421
1759845413.430963,18.00,1681.00,4.509,3108.528175
1759845414.4308991,17.00,1681.00,4.784,3113.312098
1759845415.431005,13.00,1681.00,4.491,3117.803908
1759845416.4310062,24.00,1681.00,6.212,3124.016172
1759845417.430787,22.00,1681.00,5.013,3129.028549
1759845418.430982,23.00,1681.00,6.334,3135.363555
1759845419.430954,29.00,1681.00,5.217,3140.580339
1759845420.4309971,30.00,1681.00,7.554,3148.135068
1759845421.4310305,31.00,1681.13,5.874,3154.008771
1759845422.4310055,31.00,1681.13,9.542,3163.550922
1759845423.430899,6.00,1681.13,3.019,3166.569774
1759845424.4309108,50.00,1681.13,8.650,3175.219959
1759845425.4309669,29.00,1681.13,6.113,3181.332981
1759845426.4310057,29.00,1681.13,6.906,3188.239457
1759845427.4308999,44.00,1681.13,6.717,3194.955932
1759845428.4310124,31.00,1681.13,7.208,3202.165142
1759845429.4309847,15.00,1681.13,4.299,3206.464203
1759845430.431034,31.00,1681.13,7.488,3213.952770
1759845431.4310203,25.00,1681.25,5.714,3219.666257
1759845432.430992,43.00,1681.25,9.199,3228.864536
1759845433.4308977,20.00,1681.25,4.959,3233.823447
1759845434.4309833,32.00,1681.25,6.973,3240.797306
1759845435.430912,16.00,1681.25,4.953,3245.750113
1759845436.4307823,41.00,1681.25,8.167,3253.915742
1759845437.430996,8.00,1681.25,3.543,3257.459861
1759845438.4308991,33.00,1681.25,7.155,3264.614018
1759845439.430968,13.00,1681.25,4.090,3268.704034
1759845440.430771,35.00,1681.25,7.820,3276.522312
1759845441.4309866,6.00,1681.25,3.254,3279.776882
1759845442.4310021,54.00,1681.25,8.911,3288.687992
1759845443.4310308,19.00,1681.25,4.812,3293.499747
1759845444.4310086,33.00,1681.25,7.004,3300.503879
1759845445.4310336,40.00,1681.25,7.338,3307.842545
1759845446.4310317,41.00,1681.25,8.002,3315.844233
1759845447.431029,12.00,1681.25,3.929,3319.773056
1759845448.4309607,36.00,1681.25,7.495,3327.267666
1759845449.4310324,15.00,1681.25,4.142,3331.410233
1759845450.4310315,39.00,1681.25,8.097,3339.507320
1759845451.43103,28.00,1681.25,5.594,3345.101238
1759845452.4309955,55.00,1681.38,9.374,3354.474628
1759845453.4310064,16.00,1681.38,5.046,3359.520391
1759845454.430899,17.00,1681.38,5.099,3364.619194
1759845455.430958,21.00,1681.38,5.344,3369.963602
1759845456.430933,27.00,1681.38,6.423,3376.386070
1759845457.4310107,19.00,1681.38,6.185,3382.571601
1759845458.4309857,38.00,1681.38,7.698,3390.269519
1759845459.4309804,9.00,1681.38,3.627,3393.896280
1759845460.4309149,22.00,1681.38,6.431,3400.326622
1759845461.4310346,35.00,1681.38,6.137,3406.464424
1759845462.4310296,32.00,1681.38,7.605,3414.068957
1759845463.4310288,16.00,1681.38,4.922,3418.990698
1759845464.4310226,33.00,1681.38,6.983,3425.974017
1759845465.4310277,16.00,1681.38,4.995,3430.969488
1759845466.4310327,45.00,1681.38,8.408,3439.377181
1759845467.431039,15.00,1681.38,4.229,3443.606418
1759845468.431008,34.00,1681.38,6.987,3450.593461
1759845469.4309123,25.00,1681.38,5.304,3455.897158
1759845470.4310064,20.00,1681.38,5.553,3461.450184
1759845471.4309711,13.00,1681.38,3.883,3465.333475
1759845472.4310095,23.00,1681.38,6.169,3471.502221
1759845473.4310298,31.00,1681.38,5.564,3477.066233
1759845474.4310107,30.00,1681.38,6.653,3483.719597
1759845475.4310203,9.00,1681.38,4.170,3487.889691
1759845476.4310088,42.00,1681.38,7.941,3495.830711
1759845477.430899,5.00,1681.38,2.523,3498.353349
1759845478.430895,23.00,1681.38,6.345,3504.698120
1759845479.4309843,16.00,1681.38,4.103,3508.801747
1759845480.4309611,20.00,1681.38,6.357,3515.158603
1759845481.4307694,30.00,1681.38,6.007,3521.164630
1759845482.430923,51.00,1681.38,8.517,3529.683041
1759845483.4310308,13.00,1681.38,3.915,3533.598925
1759845484.4310021,22.00,1681.38,6.184,3539.782625
1759845485.4309576,12.00,1681.38,5.201,3544.983478
1759845486.430788,34.00,1681.38,7.183,3552.164978
1759845487.4309275,25.00,1681.38,5.167,3557.333117
1759845488.4310188,28.00,1681.38,6.725,3564.059052
1759845489.4310067,16.00,1681.38,4.323,3568.381978
1759845490.4309573,35.00,1681.38,9.211,3577.592159
1759845491.431019,19.00,1681.38,4.583,3582.175766
1759845492.4309874,33.00,1681.38,8.999,3591.174888
1759845493.4310255,31.00,1681.38,5.984,3597.159004
1759845494.4310215,42.00,1681.38,8.155,3605.314317
1759845495.4309611,26.00,1681.38,5.770,3611.084139
1759845496.430751,33.00,1681.38,7.148,3618.230605
1759845497.4309988,7.00,1681.38,3.242,3621.473212
1759845498.4310086,16.00,1681.38,5.410,3626.883171
1759845499.4309912,26.00,1681.38,5.510,3632.392861
1759845500.430946,25.00,1681.38,6.624,3639.016441
1759845501.4309483,14.00,1681.38,4.321,3643.337352
1759845502.4309437,27.00,1681.38,7.025,3650.362603
1759845503.4309123,23.00,1681.38,4.696,3655.058636
1759845504.4307818,37.00,1681.38,7.750,3662.807578
1759845505.431007,13.00,1681.38,4.624,3667.432567
1759845506.430992,41.00,1681.38,8.002,3675.434560
1759845507.4310327,17.00,1681.38,4.335,3679.769876
1759845508.4310048,42.00,1681.38,7.809,3687.578755
1759845509.4310305,12.00,1681.38,3.774,3691.353343
1759845510.430993,21.00,1681.38,6.335,3697.688043
1759845511.4309893,18.00,1681.38,4.457,3702.144636
1759845512.4310246,37.00,1681.38,7.666,3709.811303
1759845513.4310033,21.00,1681.38,4.784,3714.595105
1759845514.4310215,40.00,1681.38,9.128,3723.723255
1759845515.4310124,8.00,1681.38,3.956,3727.678872
1759845516.4307919,34.00,1681.38,10.455,3738.131604
1759845517.4310107,11.00,1681.38,16.263,3754.398347
1759845518.4309895,39.00,1681.38,7.938,3762.335766
1759845519.431,19.00,1681.38,4.484,3766.820313
1759845520.4308884,40.00,1681.38,8.102,3774.921732
1759845521.4309611,25.00,1681.38,7.921,3782.843038
1759845522.430766,34.00,1681.38,7.403,3790.244874
1759845523.430963,17.00,1681.38,4.585,3794.830373
1759845524.4309578,41.00,1681.38,8.108,3802.938567
1759845525.4310277,20.00,1681.38,5.387,3808.325883
1759845526.4307797,42.00,1681.38,8.217,3816.540766
1759845527.43104,8.00,1681.38,3.430,3819.971849
1759845528.4310203,19.00,1681.38,4.904,3824.875706
1759845529.4310274,35.00,1681.38,5.862,3830.737446
1759845530.4310234,36.00,1681.38,7.869,3838.606018
1759845531.4310322,18.00,1681.38,4.825,3843.431262
1759845532.4309146,41.00,1681.38,7.982,3851.412625
1759845533.4310262,14.00,1681.38,3.920,3855.333026
1759845534.4309769,39.00,1681.38,7.271,3862.603698
1759845535.4310305,11.00,1681.38,4.496,3867.100390
1759845536.4308977,19.00,1681.38,5.797,3872.896457
1759845537.4308975,27.00,1681.38,5.317,3878.212972
1759845538.4307451,42.00,1681.38,8.104,3886.315246
1759845539.4309976,7.00,1681.38,3.338,3889.654532
1759845540.4307761,32.00,1681.38,7.573,3897.226229
1759845541.430908,7.00,1681.38,4.050,3901.276328
1759845542.430778,26.00,1681.50,6.786,3908.061223
1759845543.4310691,16.00,1681.50,4.107,3912.169123
1759845544.4307468,41.00,1681.50,8.099,3920.265599
1759845545.4309757,5.00,1681.50,3.788,3924.054468
1759845546.4307446,26.00,1681.50,6.866,3930.919319
1759845547.4307897,18.00,1681.50,5.293,3936.212762
1759845548.4307742,43.00,1681.50,8.122,3944.334629
1759845549.4310288,19.00,1681.50,5.092,3949.427755
1759845550.430777,32.00,1681.50,7.514,3956.939760
1759845551.4309843,15.00,1681.50,4.242,3961.183096
1759845552.4307501,38.00,1681.50,8.982,3970.163237
1759845553.4310305,30.00,1681.50,6.251,3976.416090
1759845554.4307828,11.00,1681.50,3.814,3980.229617
1759845555.4310272,18.00,1681.50,7.633,3987.864241
1759845556.430777,20.00,1681.50,5.479,3993.341644
1759845557.4309635,6.00,1681.50,3.056,3996.398399
1759845558.4307766,17.00,1681.50,4.786,4001.183177
1759845559.4309993,11.00,1681.50,3.862,4005.045899
1759845560.4307795,35.00,1681.50,7.088,4012.132307
1759845561.4309783,41.00,1681.50,7.624,4019.757714
1759845562.4307528,28.00,1681.50,6.794,4026.550239
1759845563.4308422,39.00,1681.50,8.392,4034.943345
1759845564.4308224,36.00,1681.50,6.692,4041.634917
1759845565.4309385,17.00,1681.50,4.588,4046.223467
1759845566.4307792,12.00,1681.50,4.245,4050.467719
1759845567.4309907,32.00,1681.63,6.496,4056.964834
1759845568.4307745,24.00,1681.63,5.493,4062.457068
1759845569.4309409,37.00,1681.63,7.136,4069.593768
1759845570.4307706,28.00,1681.63,6.716,4076.308778
1759845571.4309978,24.00,1681.63,6.647,4082.957077
1759845572.430776,22.00,1681.63,5.353,4088.308686
1759845573.4310021,64.00,1681.63,9.690,4098.000861
1759845574.4307518,27.00,1681.63,6.455,4104.454092
1759845575.4309435,33.00,1681.63,7.787,4112.242341
1759845576.4307792,30.00,1681.63,6.109,4118.350235
1759845577.4310002,50.00,1681.63,8.661,4127.013360
1759845578.431015,20.00,1681.63,5.322,4132.335368
1759845579.431004,28.00,1681.63,6.306,4138.641077
1759845580.430998,29.00,1681.63,6.585,4145.225655
1759845581.4310048,19.00,1681.63,5.689,4150.915094
1759845582.4309738,16.00,1681.63,4.213,4155.128279
1759845583.4309494,29.00,1681.63,6.295,4161.423489
1759845584.4310284,11.00,1681.63,4.214,4165.637346
1759845585.4310322,30.00,1681.63,7.202,4172.839842
1759845586.4310322,23.00,1681.63,5.396,4178.235885
1759845587.430996,12.00,1681.63,4.237,4182.473179
1759845588.43103,8.00,1681.63,3.400,4185.873378
1759845589.4310305,20.00,1681.63,5.377,4191.250684
1759845590.4310334,14.00,1681.63,4.766,4196.016296
1759845591.430972,36.00,1681.63,10.011,4206.026647
1759845592.4309843,19.00,1681.63,4.475,4210.501672
1759845593.4310174,37.00,1681.63,7.703,4218.205082
1759845594.431036,15.00,1681.63,4.066,4222.271478
1759845595.4310346,23.00,1681.63,6.729,4229.000953
1759845596.4310071,12.00,1681.63,4.016,4233.016385
1759845597.4310253,46.00,1681.63,8.544,4241.560980
1759845598.4309223,21.00,1681.63,5.009,4246.569756
1759845599.4309406,51.00,1681.63,9.206,4255.776031
1759845600.4310005,18.00,1681.63,5.202,4260.978349
1759845601.4308944,50.00,1681.63,9.430,4270.407158
1759845602.4309957,11.00,1681.63,4.255,4274.662763
1759845603.4309635,36.00,1681.63,7.341,4282.003686
1759845604.4309366,8.00,1681.63,3.569,4285.572769
1759845605.4309855,142.00,1681.88,18.606,4304.179228
1759845606.431012,0.00,1681.88,2.842,4307.021139
1759845607.4309897,80.00,1681.88,9.938,4316.958736
1759845608.4310315,140.00,1681.88,12.330,4329.289027
1759845609.431008,100.00,1681.88,11.950,4341.238459
1759845610.4307618,15.00,1681.88,4.503,4345.739912
1759845611.4310327,76.00,1681.88,7.708,4353.449792
1759845612.4310312,24.00,1681.88,7.905,4361.355107
1759845613.4310324,121.00,1681.88,11.443,4372.797826
1759845614.4310486,84.00,1681.88,10.700,4383.497872
1759845615.4310167,0.00,1681.88,2.457,4385.955080
1759845616.4310348,66.00,1681.88,8.629,4394.584697
1759845617.4309583,91.00,1681.88,11.962,4406.545848
1759845618.4310243,79.00,1681.88,9.578,4416.124192
1759845619.4362106,75.60,1681.88,6.307,4422.464081
1759845620.4310062,89.50,1681.88,9.130,4431.546882
1759845621.4310005,55.00,1681.88,8.091,4439.638109
1759845622.4309711,117.00,1681.88,10.358,4449.995932
1759845623.4309669,88.00,1681.88,9.943,4459.938900
1759845624.430755,0.00,1681.88,1.673,4461.611442
1759845625.4310308,195.90,1681.88,13.786,4475.401384
1759845626.4310234,63.00,1681.88,8.866,4484.267756
1759845627.4310098,89.00,1681.88,9.359,4493.626252
1759845628.4307697,101.00,1681.88,8.391,4502.015696
1759845629.4309833,29.00,1681.88,4.545,4506.561766
1759845630.4310267,72.00,1681.88,9.066,4515.627722
1759845631.430913,103.00,1681.88,10.483,4526.109140
1759845632.4310343,99.00,1681.88,9.880,4535.989913
1759845633.4310236,0.00,1681.88,1.641,4537.631267
1759845634.4309773,131.00,1681.88,11.068,4548.698438
1759845635.4309664,147.00,1681.88,12.298,4560.996563
1759845636.4309666,80.00,1681.88,9.574,4570.570819
1759845637.4307513,142.00,1681.88,10.494,4581.062064
1759845638.4309957,8.00,1681.88,3.129,4584.191755
1759845639.4308016,148.00,1681.88,11.804,4595.993849
1759845640.431007,89.00,1681.88,11.766,4607.762557
1759845641.4308338,138.00,1681.88,11.322,4619.082169
1759845642.4307816,0.00,1681.88,1.952,4621.033763
1759845643.430978,98.00,1681.88,10.179,4631.215133
1759845644.4309685,112.00,1681.88,11.962,4643.177444
1759845645.4310024,91.00,1681.88,11.579,4654.756821
1759845646.4309554,80.00,1682.00,10.347,4665.103108
1759845647.4310045,1.00,1682.00,1.641,4666.744034
1759845648.430992,108.00,1682.00,11.015,4677.758838
1759845649.431045,81.00,1682.13,9.967,4687.726647
1759845650.431011,108.00,1682.13,11.729,4699.455620
1759845651.4307513,10.00,1682.13,3.462,4702.917159
1759845652.4310486,89.00,1682.25,8.455,4711.374657
1759845653.4310222,114.00,1682.25,10.776,4722.150325
1759845654.431034,102.00,1682.25,10.147,4732.297760
1759845655.4310255,94.00,1682.25,10.844,4743.141727
1759845656.431029,0.00,1682.25,1.884,4745.025389
1759845657.431029,127.00,1682.25,11.008,4756.033601
1759845658.4308987,83.00,1682.25,9.493,4765.525825
1759845659.431021,39.00,1682.25,7.374,4772.900562
1759845660.4307523,45.00,1682.25,6.224,4779.123324
1759845661.4310055,49.00,1682.25,6.409,4785.534196
1759845662.4309955,88.00,1682.25,9.691,4795.225273
1759845663.4309766,64.00,1682.25,11.115,4806.339868
1759845664.4309645,110.00,1682.25,10.254,4816.594053
1759845665.4307575,0.00,1682.25,2.373,4818.966911
1759845666.4310195,131.00,1682.25,11.668,4830.637780
1759845667.4308994,92.00,1682.25,9.283,4839.919616
1759845668.4310343,64.00,1682.25,8.921,4848.841346
1759845669.430779,74.00,1682.25,7.994,4856.833086
1759845670.4310071,28.00,1682.25,5.413,4862.246952
1759845671.4308977,61.00,1682.25,9.144,4871.390178
1759845672.4310284,87.00,1682.25,12.168,4883.560130
1759845673.4309607,91.00,1682.38,10.264,4893.823348
1759845674.431003,0.00,1682.38,1.572,4895.395426
1759845675.4310274,67.00,1682.38,9.488,4904.883928
1759845676.4310045,84.00,1682.38,10.375,4915.258230
1759845677.4309466,148.00,1682.38,12.057,4927.314717
1759845678.430776,85.00,1682.38,9.374,4936.687252
1759845679.430967,2.00,1682.38,2.175,4938.862478
1759845680.4310138,114.00,1682.38,10.938,4949.800805
1759845681.4310095,105.00,1682.38,11.015,4960.815669
1759845682.4310033,49.00,1682.38,8.703,4969.518711
1759845683.430746,1.00,1682.38,2.158,4971.675993
1759845684.4310107,104.00,1682.38,10.285,4981.963747
1759845685.4309475,68.00,1682.38,10.224,4992.187110
1759845686.4310117,50.00,1682.38,8.835,5001.022353
1759845687.4308264,117.00,1682.38,11.211,5012.231614
1759845688.4307775,0.00,1682.38,1.948,5014.179119
1759845689.4310067,76.00,1682.38,9.775,5023.956071
1759845690.430996,170.00,1682.38,13.471,5037.426984
1759845691.431024,76.00,1682.38,9.575,5047.002643
1759845692.4307761,31.00,1682.38,4.252,5051.253548
1759845693.4310298,133.00,1682.38,10.341,5061.596783
1759845694.4309978,49.00,1682.38,9.036,5070.632893
1759845695.430963,122.00,1682.38,12.237,5082.869800
1759845696.4310014,94.00,1682.38,10.383,5093.252708
1759845697.431028,0.00,1682.38,1.456,5094.708942
1759845698.4309921,81.00,1682.38,10.188,5104.896538
1759845699.4310303,126.00,1682.38,11.358,5116.255213
1759845700.4310193,60.00,1682.38,8.838,5125.092836
1759845701.4307845,62.00,1682.38,7.219,5132.310530
1759845702.4307451,25.00,1682.38,4.781,5137.091524
1759845703.4309943,50.00,1682.38,8.448,5145.541454
1759845704.4309855,80.00,1682.38,8.774,5154.315052
1759845705.4309669,64.00,1682.38,9.682,5163.996851
1759845706.4307911,0.00,1682.38,1.938,5165.934895
1759845707.4310305,67.00,1682.38,11.082,5177.019644
1759845708.4310338,111.00,1682.38,10.866,5187.885339
1759845709.4310226,46.00,1682.38,7.988,5195.873356
1759845710.4307466,67.00,1682.38,9.120,5204.990459
1759845711.4309757,2.00,1682.38,2.203,5207.194372
1759845712.4307973,121.00,1682.38,10.981,5218.173104
1759845713.4309707,144.00,1682.38,12.277,5230.452552
1759845714.4309871,78.00,1682.38,9.138,5239.591201
1759845715.4310312,0.00,1682.38,2.223,5241.814645
1759845716.431028,89.00,1682.38,9.929,5251.743696
1759845717.4310086,70.00,1682.38,9.328,5261.071797
1759845718.43097,85.00,1682.38,10.142,5271.213007
1759845719.4309752,78.00,1682.38,9.297,5280.509736
1759845720.4310255,0.00,1682.38,2.408,5282.918299
1759845721.4310162,126.00,1682.38,11.180,5294.098080
1759845722.4309618,111.00,1682.38,11.493,5305.590116
1759845723.430776,117.00,1682.38,10.725,5316.312745
1759845724.4307506,6.00,1682.38,2.705,5319.017206
1759845725.4309723,67.00,1682.38,9.065,5328.084199
1759845726.430945,0.00,1682.38,3.809,5331.892783
1759845727.4308991,1.00,1682.38,2.190,5334.083085
1759845728.4309866,0.00,1682.38,1.949,5336.032421
1759845729.4310324,0.00,1682.38,1.200,5337.232064
1759845730.430759,0.00,1682.38,2.411,5339.642763
1759845731.4310281,0.00,1682.38,1.516,5341.158995
1759845732.4309845,0.00,1682.38,3.564,5344.723011
1759845733.4310246,0.00,1682.38,1.697,5346.419846
1759845734.4310374,1.00,1682.38,1.386,5347.805645
1759845735.431029,0.00,1682.38,1.210,5349.015908
1759845736.4310017,0.00,1682.38,1.434,5350.449437
1759845737.4307816,0.00,1682.38,1.344,5351.793245
1759845738.431031,0.00,1682.38,2.455,5354.248378
1759845739.431029,0.00,1682.38,1.527,5355.775412
1759845740.4310246,1.00,1682.38,1.410,5357.185199
1759845741.4309657,0.00,1682.38,1.230,5358.415542
1759845742.4310074,0.00,1682.38,1.455,5359.870190
1759845743.4310021,1.00,1682.38,1.521,5361.391182
1759845744.4309924,0.00,1682.38,1.368,5362.759220
1759845745.4309838,0.00,1682.38,1.573,5364.331909
1759845746.430964,0.00,1682.38,1.440,5365.771542
1759845747.430795,0.00,1682.38,2.035,5367.806632
1759845748.4310184,1.00,1682.38,2.591,5370.398300
1759845749.4310224,0.00,1682.38,1.393,5371.791790
1759845750.4309752,0.00,1682.38,1.278,5373.069435
1759845751.4309082,0.00,1682.38,1.268,5374.337621
1759845752.4310207,0.00,1682.38,1.518,5375.855744
1759845753.4308994,0.00,1682.38,1.700,5377.555264
1759845754.431028,0.00,1682.38,4.709,5382.264908
1759845755.431015,0.00,1682.38,1.560,5383.824474
1759845756.4309855,1.00,1682.38,1.407,5385.231392
1759845757.430915,0.00,1682.38,1.431,5386.662601
1759845758.4310157,0.00,1682.38,1.531,5388.193542
1759845759.4309769,0.00,1682.38,1.427,5389.620296
1759845760.4310236,0.00,1682.38,1.381,5391.001274
1759845761.4309874,0.00,1682.38,1.416,5392.417286
1759845762.4310088,1.00,1682.38,1.786,5394.203231
1759845763.4309762,0.00,1682.38,1.492,5395.694866
1759845764.4310024,0.00,1682.38,1.824,5397.519324
1759845765.430988,0.00,1682.38,1.312,5398.831393
1759845766.4309723,1.00,1682.38,1.448,5400.279205
1759845767.43093,0.00,1682.38,1.333,5401.611843
1759845768.4310305,0.00,1682.38,1.427,5403.038902
1759845769.4310315,0.00,1682.38,1.444,5404.482502
1759845770.4310107,0.00,1682.38,1.494,5405.976456
1759845771.430977,0.00,1682.38,1.462,5407.438427
1759845772.4310088,0.00,1682.38,1.337,5408.775399
1759845773.4309678,1.00,1682.38,1.325,5410.100408
